TV_Budget,Online_Video_Budget,Radio_Budget,Sales,Region_North,Region_South,Region_West
197.85,179.15,74.08,744.0,False,False,False
107.19,93.54,71.75,438.14,False,False,True
203.31,180.09,73.71,748.32,True,False,False
94.73,85.83,82.32,424.14,False,False,True
235.28,210.63,71.74,837.89,False,False,False
117.67,110.37,18.48,430.27,False,False,False
241.09,212.7,93.51,882.78,True,False,False
97.06,86.63,43.2,378.62,True,False,False
292.57,255.05,97.06,1034.1014,False,False,False
177.53,153.44,69.77,676.31,False,False,False
138.26,116.48,22.39,478.67,False,True,False
249.49,220.09,15.99,797.23,False,False,False
213.2,187.18,84.19,809.33,False,False,False
227.88,205.4,29.69,744.91,False,False,True
233.17,218.94,96.59,868.15,False,False,False
151.91,135.99,94.23,614.4,True,False,False
256.21,229.06,60.47,877.27,False,False,False
249.15,217.51,58.23,848.92,False,False,True
180.38833684210525,159.63,22.24,571.85,False,True,False
256.7,221.6,51.76,849.45,False,False,True
94.34,88.39,23.99,352.49,False,False,False
77.88,65.16,54.77,333.55,False,True,False
225.02,194.63,13.98,707.48,False,False,True
271.75,245.99,18.74,867.68,False,True,False
114.71,105.63,83.79,490.48,False,False,False
77.53,68.66,87.5,383.67,False,True,False
216.99,195.55,71.52,783.93,False,True,False
158.19,136.17,99.7409,533.68,True,False,False
252.67,222.56,99.7409,919.5,True,False,False
207.08,190.54,43.55,706.49,False,False,True
175.64,151.36,72.51,668.28,False,False,False
143.79,123.22,67.63,536.93,False,False,True
90.6,79.49,88.08,436.71,False,True,False
69.27,62.11,46.38,301.47,False,True,False
162.34,135.07,57.6,611.18,False,True,False
180.38833684210525,244.54,81.37,970.84,True,False,False
180.38833684210525,131.37,92.98,595.74,False,True,False
90.07,81.92,43.28,354.0,True,False,False
167.49,148.56,38.77,586.21,False,True,False
260.01,230.74,37.64,873.19,False,True,False
272.75,245.85,82.22,954.36,False,False,True
168.4,155.41,92.12,659.63,False,True,False
145.61,126.16,19.85,474.99,False,False,True
119.47,110.24,72.23,494.53,False,False,False
158.81,143.41,62.73,586.0,True,False,False
120.74,116.44,89.27,519.67,True,False,False
118.87,115.51,64.85,455.32,True,False,False
245.25,215.41,98.91,889.42,True,False,False
107.92,91.25,55.31,451.09,False,False,False
264.53,242.45,44.7,889.73,False,False,True
62.67,52.36,26.69,248.98,False,False,False
81.25,66.52,17.53,294.98,False,True,False
253.16,227.48,66.09,871.93,False,False,True
98.29,85.01,86.05,436.1,False,False,True
180.52,151.78,73.42,696.13,False,False,False
232.14,212.25,37.43,784.79,True,False,False
214.28,184.88,11.98,690.91,False,True,False
97.23,96.25,16.99,340.13,False,True,False
244.13,225.26,26.97,783.82,False,True,False
277.52,250.79,62.08,953.72,False,True,False
252.54,229.18,49.22,857.28,False,False,False
120.4,106.1,97.81,520.74,False,False,True
192.37,168.94,79.71,733.3,False,True,False
215.39,202.64,27.32,702.98,False,False,True
180.38833684210525,216.57,76.76,851.92,False,False,True
55.3,53.73,45.65,277.48,False,True,False
194.47,170.91,33.02,636.33,False,False,True
229.48,206.96,50.99,776.24,False,True,False
193.75,176.85,75.06,712.56,False,True,False
198.8,176.98,12.31,665.57,False,True,False
180.38833684210525,255.95,43.86,939.51,False,True,False
188.25,176.46,77.81,718.14,False,False,False
128.56,113.63,63.42,522.42,False,True,False
266.01,243.28,88.9,942.49,False,False,False
141.65,129.74,85.56,563.98,False,False,True
73.31,68.91,73.08,371.71,False,True,False
164.25,140.85,49.7,592.49,False,False,False
232.52,203.57,18.56,739.25,False,False,True
232.05,209.38,33.15,771.0,True,False,False
63.85,51.64,67.48,327.96,False,True,False
270.3,249.57,14.99,867.28,False,True,False
291.74,263.73,74.76,1032.82,False,True,False
292.81,267.48,22.6,934.67,True,False,False
200.59,175.61,52.45,684.57,True,False,False
186.68,167.97,16.17,606.78,False,False,True
263.33,240.34,80.72,929.72,False,False,True
190.83,176.03,28.13,633.53,False,False,False
277.59,244.61,12.58,887.14,False,True,False
169.36,157.13,35.27,579.53,False,False,False
157.13,141.65,65.04,587.07,True,False,False
268.28,238.29,26.3,858.54,True,False,False
289.62,254.12,87.34,1034.1014,False,True,False
208.76,193.17,33.38,717.65,False,False,False
96.12,90.06,50.03,382.25,True,False,False
238.66,215.17,14.29,790.5,False,False,False
109.07,101.53,35.77,417.29,False,False,False
180.38833684210525,178.85,12.76,636.5,False,False,True
100.13,98.39,41.94,387.31,True,False,False
180.38833684210525,235.07,22.26,852.08,False,True,False
242.88,218.68,29.98,778.74,False,True,False
56.41,51.64,27.14,253.71,False,False,False
64.31,49.59,83.1,336.37,False,False,False
79.03,64.43,77.99,381.92,False,True,False
227.33,208.93,74.75,828.66,False,True,False
243.62,212.54,31.04,819.44,False,False,False
98.85,93.77,67.31,437.28,False,False,False
51.08,37.45,94.78,354.49,False,False,False
273.24,244.89,62.85,938.09,False,False,True
202.23,181.84,46.19,694.49,True,False,False
188.69,167.12,48.59,646.43,False,False,True
101.13,92.59,26.66,382.89,False,True,False
133.92,120.19,95.2,556.22,True,False,False
223.65,201.89,73.34,815.97,False,True,False
106.58,93.07,95.39,482.16,False,False,True
276.29,246.18,44.41,921.71,True,False,False
148.57,137.14,67.97,578.17,False,False,True
188.29,173.88,29.17,618.6,False,False,True
190.3,169.98,97.97,758.3,False,True,False
222.33,198.4,51.66,763.5,False,False,True
81.91,83.78,17.1,281.36,False,True,False
248.72,220.58,63.41,875.19,False,True,False
133.78,111.89,67.13,513.05,False,False,True
187.37,167.56,44.12,670.78,False,False,False
180.38833684210525,111.84,13.43,432.64,True,False,False
294.53,263.51,69.91,1016.25,False,False,False
184.29,178.4,86.69,712.75,True,False,False
51.27,39.04,39.23,244.75,True,False,False
261.58,239.96,55.37,891.0,False,True,False
282.36,253.88,53.33,927.22,False,False,True
161.93,145.09,32.06,572.14,False,True,False
100.36,91.41,23.16,341.31,False,False,True
193.64,169.75,67.15,689.07,True,False,False
71.44,68.45,65.4,335.64,True,False,False
270.44,239.17,84.39,953.51,True,False,False
180.38833684210525,232.23,22.86,798.91,False,False,True
87.31,88.54,44.74,331.28,False,False,True
173.58,165.0,39.51,589.99,False,False,True
98.11,86.35,13.07,348.78,False,False,False
160.49,143.18,38.77,538.49,False,False,True
201.68,183.56,69.83,732.83,False,False,False
273.52,246.75,18.51,884.85,False,True,False
94.38,83.35,37.67,375.87,False,True,False
178.79,163.66,45.41,613.6,False,False,True
199.83,184.34,14.95,651.53,False,False,False
185.98,163.56,28.76,630.1,True,False,False
57.95,55.38,63.64,293.53,True,False,False
57.62,48.82,94.36,361.28,False,False,False
257.76,232.11,72.25,892.67,False,True,False
297.84,269.39,24.12,948.73,False,False,True
236.9,218.53,80.65,852.33,False,False,True
284.65,246.2,10.29,902.8,False,True,False
257.17,230.06,15.28,824.62,False,False,False
247.38,216.12,50.11,846.88,False,True,False
114.94,98.43,44.58,405.42,True,False,False
297.84009999999995,269.8575,89.95,1034.1014,False,False,True
202.21,178.69,71.06,747.62,False,False,False
180.38833684210525,269.8575,85.27,1034.1014,False,True,False
107.7,93.03,37.09,400.19,False,True,False
168.08,152.22,19.81,575.6,False,True,False
194.77,179.67,50.92,681.7,True,False,False
230.84,206.04,62.77,816.3,False,False,False
279.6,254.56,94.79,1008.66,True,False,False
108.32,92.74,83.77,485.78,True,False,False
210.51,192.67,29.74,698.59,False,False,True
57.73,45.76,35.91,255.86,False,True,False
142.32,123.33,21.4,478.77,False,False,True
62.13,49.89,37.72,267.81,False,False,False
235.48,218.06,73.92,836.4,False,False,True
141.92,123.56,45.78,524.38,False,True,False
265.15,235.29,82.23,956.25,True,False,False
157.68,148.74,29.39,539.4,True,False,False
180.38833684210525,193.78,76.27,754.1,False,True,False
249.71,228.23,37.9,846.5,False,True,False
287.77,255.7,37.79,931.35,False,False,True
238.6,210.84,48.64,819.06,False,True,False
146.16,125.05,81.8,588.99,True,False,False
90.95,86.39,81.9,414.51,True,False,False
80.12,57.92,18.84,294.07,False,True,False
101.88,89.22,48.86,427.63,False,False,False
130.03,124.44,95.99,550.25,False,False,True
127.49,112.13,92.77,548.31,True,False,False
289.21,258.97,31.25,934.83,True,False,False
113.49,103.99,84.29,462.56,False,False,True
156.89,135.48,39.65,560.89,False,False,False
159.94,151.65,34.63,548.7,True,False,False
63.91,42.8,21.92,232.58,False,False,True
112.16,101.82,32.6,400.78,True,False,False
276.18,247.05,71.8,960.59,True,False,False
116.8,110.21,74.56,492.36,False,True,False
201.1,188.12,34.05,685.63,False,True,False
180.38833684210525,263.25,10.82,887.75,True,False,False
138.65,119.3,50.45,493.16,False,False,True
155.74,140.74,62.98,576.51,False,False,True
260.56,236.12,71.96,941.41,False,False,False
171.09,162.75,66.91,648.59,True,False,False
264.33,238.75,69.76,928.52,False,True,False
125.55,109.87,71.99,509.81,False,False,True
271.28,243.62,35.78,880.23,False,False,True
294.06,252.38,29.28,961.05,False,True,False
180.38833684210525,65.15,40.72,315.29,False,True,False
107.75,89.11,95.08,494.15,False,False,False
92.07,81.97,38.93,375.55,False,True,False
290.81,258.12,50.27,948.07,True,False,False
126.52,119.37,84.37,526.61,False,False,True
289.62,267.26,83.52,994.18,False,False,True
291.34,269.8575,39.46,950.15,False,False,False
196.67,173.49,71.17,700.89,False,False,True
60.09,52.4,16.99,242.58,True,False,False
245.01,215.65,35.45,819.88,False,True,False
111.7,106.38,32.53,409.93,True,False,False
180.38833684210525,52.4,64.7,324.84,False,True,False
250.97,222.36,99.7409,945.06,False,True,False
180.71,162.33,22.03,627.24,False,False,False
201.68,186.64,18.21,654.72,True,False,False
196.99,172.95,89.7,758.04,False,False,False
75.42,77.1,89.27,376.99,False,True,False
281.88,255.74,98.64,1031.03,True,False,False
220.44,199.87,89.55,818.82,False,False,True
96.2,90.12,43.6,396.89,False,True,False
147.96,133.22,21.92,502.48,False,False,True
258.35,232.01,73.3,908.08,False,True,False
82.84,80.47,44.58,326.2,False,True,False
128.46,112.17,61.39,510.49,False,True,False
297.84009999999995,264.55,24.42,961.11,True,False,False
285.06,259.52,24.6,919.19,False,False,False
270.48,245.39,34.5,876.12,False,True,False
170.55,154.6,42.92,567.97,False,False,True
249.37,222.94,14.95,801.18,False,False,True
282.39,259.23,75.34,992.26,False,False,True
218.91,196.91,41.79,734.15,False,False,True
183.34,169.46,91.55,713.59,False,True,False
258.79,229.81,30.25,850.98,False,False,False
124.09,109.07,36.37,443.19,False,False,True
278.98,265.18,68.13,987.02,False,True,False
220.87,205.19,97.04,850.29,False,False,False
162.1,145.02,65.47,602.02,True,False,False
199.71,185.13,13.74,640.96,False,True,False
270.16,236.65,26.03,870.99,False,False,True
205.23,180.37,19.59,675.44,False,True,False
229.03,204.51,14.41,721.27,True,False,False
237.21,215.6,73.25,853.06,False,True,False
116.46,106.41,48.57,440.5,True,False,False
182.31,170.77,50.84,654.08,True,False,False
246.36,227.8,47.53,819.49,False,False,True
180.38833684210525,251.82,71.3,961.49,True,False,False
289.39,260.93,36.29,945.19,False,False,True
64.8,63.2,95.74,369.11,True,False,False
251.29,218.94,61.49,870.01,False,False,True
297.84009999999995,262.65,16.3,950.55,False,False,False
195.84,181.34,93.78,758.49,False,True,False
295.19,268.42,47.89,971.58,False,True,False
159.54,148.49,26.1,527.28,False,False,True
78.47,65.0,52.77,347.27,True,False,False
56.24,56.52,66.8,308.47,False,True,False
87.15,79.73,54.03,364.86,True,False,False
115.39,106.32,60.71,445.12,False,False,True
253.05,225.34,17.92,795.1,False,False,True
246.93,229.93,36.3,834.93,False,True,False
180.38833684210525,156.19,11.12,569.91,True,False,False
173.98,152.37,91.05,671.62,True,False,False
221.78,197.69,53.32,757.55,False,True,False
141.32,117.22,25.29,493.42,False,False,False
149.9,136.49,25.32,523.99,False,False,True
69.95,51.66,39.93,310.25,False,False,False
206.17,181.74,30.21,686.26,False,False,False
278.95,251.63,17.55,881.68,False,False,True
155.05,144.48,90.36,613.66,True,False,False
264.71,238.38,30.45,887.1,False,True,False
185.61,168.09,38.34,637.01,False,False,False
276.63,240.87,46.92,939.91,True,False,False
78.41,72.87,51.57,330.0,True,False,False
151.65,135.51,95.65,617.91,True,False,False
90.2,78.0,31.24,358.66,False,False,True
78.05,73.08,30.5,272.09,True,False,False
272.61,249.41,78.24,965.17,False,True,False
201.79,179.05,31.32,674.81,True,False,False
105.39,93.52,77.81,461.11,False,False,False
205.52,194.38,21.56,673.04,False,False,False
138.43,125.6,67.24,531.18,False,False,True
122.2,115.35,19.45,412.23,False,False,True
259.51,236.23,70.39,911.64,False,True,False
263.34,233.36,46.95,878.41,True,False,False
54.03,47.51,78.05,308.92,False,False,False
56.0,52.09,32.97,231.83,True,False,False
248.51,215.81,50.23,860.29,False,False,False
290.87,255.93,76.99,981.24,False,False,True
150.71,145.04,88.86,616.76,False,True,False
108.75,104.68,17.66,362.66,False,False,True
271.22,245.88,84.65,980.42,False,False,False
280.32,250.16,27.65,909.38,True,False,False
55.24,47.24,15.56,201.06,False,True,False
297.84009999999995,268.66,52.13,979.61,True,False,False
72.93,68.25,74.54,348.57,True,False,False
241.57,210.92,96.12,887.26,True,False,False
290.8,269.85,26.12,949.08,False,False,False
163.44,145.55,34.09,545.4,False,False,True
181.74,162.31,68.39,678.62,False,False,True
143.11,132.12,99.7409,490.58,False,False,False
82.2,61.54,99.45,404.74,False,False,True
153.06,146.88,30.76,525.39,True,False,False
70.48,55.6,44.65,305.1,True,False,False
101.96,86.18,57.61,398.36,False,False,True
237.49,216.17,44.52,791.01,False,False,True
138.31,119.54,35.6,498.83,True,False,False
180.38833684210525,264.47,87.42,1034.1014,True,False,False
106.95,96.64,36.5,399.96,False,False,False
180.38833684210525,150.85,81.47,672.78,False,True,False
118.36,112.08,37.81,449.81,False,True,False
64.76,51.56,12.68,220.97,False,False,True
84.54,79.84,92.3,437.27,False,False,False
262.0,226.66,82.87,943.15,True,False,False
177.3,157.42,25.81,612.92,False,True,False
174.07,162.8,47.52,628.28,False,False,False
238.38,211.8,60.7,819.13,True,False,False
180.38833684210525,184.79,34.58,665.8,True,False,False
279.96,250.6,37.42,925.88,True,False,False
95.92,85.86,12.24,342.27,False,True,False
191.01,172.79,24.69,634.64,False,True,False
180.38833684210525,159.07,96.27,703.88,False,False,False
124.63,119.34,91.59,527.54,True,False,False
70.91,56.39,69.18,359.69,False,False,False
217.96,193.43,48.99,753.1,True,False,False
289.46,254.14,45.09,947.18,False,False,True
80.2,74.41,94.59,421.77,True,False,False
158.83,146.48,99.08,655.01,False,False,False
209.85,184.36,24.76,684.24,True,False,False
157.73,142.54,85.81,597.73,False,False,True
154.9,142.95,26.09,529.27,True,False,False
141.3,125.37,28.7,495.83,False,True,False
138.73,122.39,73.84,528.99,True,False,False
241.49,216.11,91.5,890.46,False,False,True
73.42,59.93,20.53,258.68,False,False,True
293.96,267.96,22.06,943.79,False,False,False
128.31,122.28,94.55,572.8,False,True,False
285.05,249.91,47.48,953.8,False,True,False
138.68,125.4,56.32,535.35,False,False,False
129.7,118.53,71.0,506.28,False,True,False
103.02,98.38,22.51,390.63,False,False,False
180.38833684210525,128.18,33.76,497.97,True,False,False
234.82,212.06,98.74,881.69,False,True,False
288.08,258.44,41.49,951.91,False,False,False
269.45,243.68,34.17,895.92,True,False,False
139.89,117.42,75.64,562.08,False,False,False
225.7,191.09,43.56,770.8,False,False,False
145.65,134.93,46.77,530.25,True,False,False
97.2,82.54,84.52,448.77,True,False,False
281.74,249.58,38.47,945.23,False,True,False
180.38833684210525,82.07,62.32,396.71,False,False,False
143.6,135.57,84.39,602.65,False,True,False
138.03,125.4,93.64,591.4,False,False,False
121.14,106.63,86.12,507.07,True,False,False
178.79,156.86,21.8,606.79,False,True,False
130.38,107.51,23.68,446.16,True,False,False
226.65,211.99,75.35,807.1,False,False,True
90.56,84.02,26.85,340.19,False,False,False
173.66,155.6,53.98,648.34,False,False,False
224.0,203.66,93.68,824.02,True,False,False
86.76,76.74,44.08,350.99,False,False,True
118.14,103.4,61.61,452.33,False,False,True
173.43,150.42,94.35,700.97,False,True,False
103.05,89.3,38.38,397.3,True,False,False
276.78,248.34,95.5,1006.8,False,False,True
297.66,260.19,39.25,966.08,True,False,False
68.7,61.92,64.64,311.79,False,False,True
215.74,194.92,68.36,786.53,False,False,False
70.57,54.48,87.61,343.83,True,False,False
196.47,177.78,72.91,735.39,False,True,False
50.45,51.1,23.31,228.43,False,False,False
222.2,198.36,37.33,722.18,False,False,True
94.42,93.9,86.39,423.03,False,False,True
178.73,154.44,82.66,676.26,False,False,True
121.05,116.29,91.59,513.1,False,False,True
135.26,112.92,85.26,563.62,False,True,False
236.96,226.06,40.51,784.03,False,False,True
123.82,108.3,56.23,480.06,False,False,True
182.19,158.36,56.77,655.41,False,True,False
110.19,93.87,12.12,343.21,False,False,True
196.85,173.72,53.48,674.47,False,False,True
82.09,73.63,72.09,398.42,True,False,False
173.71,154.29,62.8,630.89,True,False,False
208.97,183.95,44.06,729.04,False,False,False
79.43,64.73,42.82,321.58,True,False,False
192.96,172.02,25.04,623.07,False,False,True
145.17,137.01,94.63,602.75,True,False,False
246.37,216.91,54.04,858.36,False,False,False
135.95,128.18,59.0,517.12,True,False,False
265.62,243.79,40.6,882.13,False,True,False
161.92,148.21,38.96,579.55,False,True,False
239.31,208.42,18.83,775.71,False,True,False
68.8,66.03,48.57,335.47,True,False,False
254.34,230.65,67.65,892.38,False,False,False
134.54,123.95,89.13,566.55,False,False,True
138.13,116.56,78.56,574.04,False,False,False
89.54,87.83,37.24,346.81,False,True,False
246.06,221.62,82.59,878.89,False,False,False
219.75,201.5,70.31,800.41,False,True,False
149.87,130.43,64.39,574.7,True,False,False
181.44,158.95,88.94,702.61,False,False,True
158.63,138.22,50.32,565.23,False,False,True
284.17,251.76,33.16,935.51,False,False,True
240.53,215.58,30.28,791.29,False,True,False
101.61,87.09,97.29,480.8,False,False,False
228.41,208.33,65.73,835.31,False,False,False
207.09,185.01,63.57,756.78,False,True,False
146.52,133.74,90.76,601.22,False,False,True
70.98,72.09,23.82,270.15,False,False,True
187.55,165.3,93.57,746.47,False,False,False
71.62,67.54,44.01,282.05,False,False,True
220.59,200.52,68.24,792.84,False,False,False
197.85,178.07,41.6,664.47,True,False,False
139.06,117.74,17.61,482.96,False,True,False
273.85,243.8,38.14,913.28,False,False,True
149.68,139.91,94.45,637.36,False,False,False
195.01,178.8,60.57,694.38,True,False,False
202.92,187.1,44.75,692.4,False,True,False
215.8,193.49,54.65,758.0,False,True,False
220.07,200.7,10.71,684.33,True,False,False
235.03,211.86,39.63,808.36,False,False,False
224.73,212.08,95.46,858.95,False,True,False
87.4,85.76,23.36,321.36,True,False,False
121.9,106.22,45.94,485.39,False,True,False
114.27,112.77,99.5,518.12,False,True,False
180.38833684210525,106.74,68.92,474.92,False,False,False
234.33,214.77,46.79,814.65,False,False,False
224.37,203.01,44.18,773.51,False,True,False
173.28,153.39,51.57,645.57,False,False,False
180.38833684210525,139.33,92.51,629.89,True,False,False
186.45,172.62,59.74,654.32,True,False,False
282.87,255.67,86.96,1019.56,False,False,True
71.22,66.41,49.06,312.61,True,False,False
269.92,236.78,54.07,921.28,False,True,False
297.84009999999995,269.8575,10.99,969.05,False,False,False
78.82,74.64,39.29,329.01,False,False,False
199.57,180.02,89.5,770.77,False,False,False
291.78,269.8575,31.2,919.78,False,False,True
260.37,236.53,41.13,866.56,True,False,False
180.38833684210525,218.44,25.73,772.11,True,False,False
292.4,260.14,72.66,1019.35,False,False,False
272.01,258.33,80.21,967.24,True,False,False
275.11,238.14,69.24,935.03,False,False,True
238.18,211.83,89.17,875.15,False,False,True
147.33,123.1,94.67,601.61,True,False,False
285.72,269.36,73.83,1007.24,False,True,False
272.96,238.64,67.89,966.89,False,True,False
77.11,66.73,36.78,308.86,True,False,False
182.89,161.1,80.31,701.25,False,True,False
154.29,138.76,40.22,552.73,False,False,True
283.46,257.88,42.18,941.63,False,True,False
196.81,182.11,45.51,674.84,False,True,False
286.7,249.81,82.7,1026.33,False,True,False
136.28,124.75,85.9,563.76,False,False,False
179.02,153.91,72.39,670.76,False,False,False
213.02,196.24,51.4,739.71,False,False,True
236.11,214.35,69.8,828.18,False,True,False
125.44,108.89,11.37,410.47,False,False,True
191.89,170.43,86.27,729.22,True,False,False
230.06,211.38,35.28,753.21,False,False,True
279.38,250.75,99.07,1008.44,False,True,False
175.71,166.79,79.49,659.36,False,False,True
202.07,184.84,29.65,660.86,False,False,True
283.47,254.6,10.29,884.88,False,False,True
260.88,225.4,73.32,937.34,False,True,False
180.38833684210525,198.7,54.28,782.34,False,False,False
218.88,187.38,71.32,789.38,False,True,False
195.71,173.94,13.26,631.14,False,False,False
207.02,186.36,53.91,734.81,False,True,False
229.35,212.02,62.66,788.26,False,False,True
162.61,144.78,72.79,625.34,True,False,False
225.21,205.44,78.35,823.56,False,False,True
143.46,135.25,96.38,600.3,False,False,True
234.98,200.47,83.81,841.52,False,False,True
270.16,239.02,90.59,1007.56,False,False,False
281.64,244.04,88.09,1004.24,True,False,False
247.51,222.18,60.39,874.41,False,False,False
245.63,220.23,87.4,896.26,False,True,False
75.25,68.63,39.17,324.06,False,True,False
220.48,197.32,74.29,811.61,False,False,False
179.85,159.35,85.13,677.17,True,False,False
124.43,113.73,23.17,435.01,False,True,False
245.78,220.14,38.83,828.29,False,True,False
200.35,175.38,68.79,737.09,False,True,False
178.94,160.65,79.14,671.21,False,False,True
295.34,269.8575,20.66,928.6,True,False,False
168.25,162.58,69.64,654.24,False,False,False
126.23,118.3,89.34,547.35,False,False,False
249.0,214.11,87.18,927.62,False,True,False
180.38833684210525,95.15,50.64,428.36,True,False,False
98.74,85.07,29.46,359.16,True,False,False
168.51,154.83,96.53,675.42,False,True,False
212.08,182.96,50.39,737.58,False,False,False
173.93,166.96,36.14,597.49,False,False,False
69.09,64.66,19.86,240.7,False,False,True
163.69,150.39,99.74,689.77,True,False,False
256.68,229.41,91.93,941.98,True,False,False
297.84009999999995,268.23,60.44,1015.14,True,False,False
247.45,221.07,29.95,805.54,False,False,True
256.91,227.24,96.34,944.95,False,True,False
180.38833684210525,146.39,61.46,585.65,False,False,True
236.26,212.12,60.5,826.54,False,False,True
149.97,140.37,54.18,562.67,False,False,True
257.27,227.98,81.54,925.23,False,True,False
292.51,269.8575,27.43,954.72,False,True,False
262.32,234.38,53.24,902.86,False,True,False
158.55,139.46,51.3,573.36,False,False,True
187.84,171.62,99.02,709.34,True,False,False
86.15,73.89,83.83,397.02,False,False,True
297.84009999999995,268.86,91.19,1034.1014,False,False,False
57.09,53.37,66.24,272.48,False,True,False
241.51,221.26,78.61,882.96,False,False,False
227.68,200.36,80.71,835.79,True,False,False
165.89,154.88,77.19,656.3,False,False,False
51.83,56.24,51.41,218.36,False,False,True
79.46,75.88,18.02,299.73,False,False,False
180.43,159.89,92.29,694.83,True,False,False
203.88,184.18,99.7409,689.94,False,True,False
254.16,239.23,34.78,845.91,False,False,False
86.33,83.68,70.02,374.06,True,False,False
202.62,172.73,75.55,742.65,False,False,False
141.35,114.23,32.26,487.78,True,False,False
202.41,182.86,41.41,686.69,False,False,True
247.63,219.76,23.88,783.28,False,False,True
109.69,101.56,98.31,514.51,False,True,False
179.3,173.69,45.26,642.12,False,False,False
214.89,191.26,71.58,765.69,False,True,False
235.17,207.52,46.87,813.48,False,True,False
73.38,69.07,78.06,368.65,False,False,False
243.55,218.61,27.08,812.86,False,False,False
178.83,161.17,32.56,615.22,False,False,False
214.9,186.71,38.3,707.85,True,False,False
194.27,179.24,17.32,612.59,False,False,True
90.79,82.05,71.49,389.29,False,False,True
275.94,249.16,99.7409,1005.79,True,False,False
144.98,139.08,35.36,505.65,False,True,False
180.38833684210525,206.59,95.25,889.92,False,False,False
110.46,94.22,10.16,387.95,False,False,False
122.14,107.47,18.79,394.1,True,False,False
241.38,213.95,60.52,840.93,False,False,False
61.55,55.67,66.07,320.92,False,True,False
69.91,54.39,77.77,359.62,False,False,False
265.84,243.37,15.69,851.81,False,False,False
186.52,173.5,83.95,683.61,False,False,True
195.96,183.26,32.43,673.16,False,False,False
222.13,210.2,30.46,760.44,False,False,False
248.32,220.13,54.04,864.74,False,False,False
191.76,171.9,11.13,620.52,False,False,False
112.63,106.09,35.29,412.76,True,False,False
155.25,128.97,55.21,571.54,False,True,False
204.46,180.98,89.02,782.9,False,True,False
288.36,264.12,41.13,946.41,False,False,True
114.63,107.18,29.21,413.24,True,False,False
266.19,233.77,25.43,862.96,False,True,False
180.38833684210525,75.56,98.54,461.54,False,True,False
190.7,165.39,40.78,649.71,False,True,False
160.54,145.66,35.33,555.95,True,False,False
244.21,212.36,86.59,892.54,False,False,True
123.23,108.98,42.64,451.72,True,False,False
132.03,115.22,71.92,543.32,False,True,False
105.76,92.94,32.46,377.03,True,False,False
272.1,254.22,42.02,887.68,False,False,True
213.95,188.38,89.13,800.89,False,True,False
208.18,191.02,69.71,755.89,False,False,False
199.61,181.9,16.16,663.62,False,True,False
54.11,53.88,46.38,253.18,False,True,False
103.33,93.31,72.84,449.81,False,False,False
180.38833684210525,176.26,14.55,628.08,True,False,False
288.69,264.96,91.31,1010.98,True,False,False
226.44,201.75,28.26,755.01,False,True,False
290.17,261.49,11.29,905.18,False,True,False
152.89,135.64,47.52,549.39,True,False,False
180.38833684210525,57.37,37.5,289.66,True,False,False
127.7,111.66,99.7409,468.49,False,False,True
278.61,256.91,50.72,934.35,False,False,False
226.72,196.86,57.45,779.34,False,False,True
57.55,45.72,47.18,287.7,False,False,False
198.72,174.35,12.57,630.19,True,False,False
197.54,185.74,62.9,718.71,True,False,False
217.15,201.41,54.55,750.1,False,False,True
143.04,132.92,41.63,531.9,False,False,False
197.24,171.15,19.36,659.0,False,True,False
296.94,269.8575,30.19,946.39,True,False,False
260.09,233.4,51.83,895.01,False,False,False
286.15,262.23,38.35,934.07,False,False,True
50.35,41.41,76.57,292.53,False,True,False
244.1,227.35,75.53,879.94,True,False,False
180.38833684210525,159.0,85.07,646.94,True,False,False
188.57,167.54,37.54,636.11,False,False,False
273.51,244.12,28.66,872.33,False,False,True
71.34,62.97,93.09,373.91,False,True,False
179.48,159.1,93.78,675.12,False,False,True
124.58,107.79,10.83,421.87,False,False,True
253.56,230.13,58.4,860.41,False,False,True
176.36,154.25,99.7409,696.72,False,True,False
288.76,265.79,68.92,1003.1,False,False,False
287.43,258.56,49.27,986.31,False,True,False
209.98,194.09,18.68,687.25,False,True,False
177.28,165.4,75.92,683.18,False,False,False
70.37,67.28,26.1,283.19,False,False,True
108.92,89.15,63.28,461.73,False,True,False
119.9,101.88,72.84,511.6,False,False,False
122.65,117.26,55.64,469.96,False,False,True
285.54,250.25,66.42,984.01,False,False,True
279.78,246.52,35.91,947.86,False,False,False
180.38833684210525,65.35,16.04,283.55,False,False,False
104.5,93.84,70.49,436.1,True,False,False
69.59,53.78,11.15,241.7,False,False,True
208.33,184.2,28.89,698.61,False,True,False
171.67,154.58,61.85,656.29,False,False,False
173.59,158.18,49.33,622.64,False,True,False
54.81,40.83,73.1,323.68,False,True,False
180.38833684210525,72.25,23.44,302.71,False,False,False
130.33,116.8,28.37,459.43,False,False,False
100.25,93.47,90.06,459.15,True,False,False
94.51,78.2,30.15,360.73,False,False,False
260.6,235.28,60.07,916.53,True,False,False
68.65,57.23,89.23,376.63,False,False,False
180.38833684210525,264.35,75.4,1022.48,False,False,False
202.23,182.89,93.99,768.62,False,True,False
277.09,249.2,17.92,893.33,False,False,False
191.83,158.84,62.2,700.13,True,False,False
182.77,160.96,54.03,649.52,True,False,False
190.84,169.97,21.61,630.76,True,False,False
269.02,243.89,24.32,860.91,False,False,False
224.65,204.99,82.93,829.82,True,False,False
163.55,148.72,75.6,598.07,False,False,True
238.8,215.75,97.54,892.28,False,False,False
239.56,223.86,50.81,821.97,False,False,False
214.78,196.1,41.43,727.32,True,False,False
68.47,62.96,29.02,285.4,False,True,False
52.3,48.68,92.97,311.36,False,False,True
177.97,156.52,65.91,672.48,False,True,False
165.47,147.52,73.34,612.98,True,False,False
131.64,121.73,85.03,558.41,False,False,False
105.64,93.43,49.06,433.31,True,False,False
243.6,216.72,47.71,855.01,False,False,False
65.98,58.06,66.05,339.4,False,True,False
209.76,184.12,25.75,681.27,True,False,False
229.07,202.81,77.79,823.13,False,False,False
244.21,221.53,79.37,877.14,True,False,False
128.42,112.11,31.03,470.94,False,False,False
259.97,237.96,15.95,828.99,False,False,True
100.77,92.79,95.07,481.95,False,False,False
189.3,174.61,75.2,689.12,True,False,False
290.6,264.59,40.72,955.59,False,True,False
267.8,246.72,30.63,891.47,False,False,False
136.01,113.33,22.89,464.08,False,True,False
204.09,185.15,77.99,738.13,False,False,True
205.98,191.74,15.71,672.77,False,False,False
53.82,43.08,62.84,287.56,False,True,False
174.99,156.05,72.9,639.4,False,False,True
147.88,135.28,65.79,564.35,False,False,False
226.97,201.29,35.37,765.04,False,False,False
104.94,97.64,86.64,472.01,False,True,False
254.91,232.72,93.19,944.84,False,False,False
270.44,247.3,55.49,915.5,True,False,False
248.37,226.66,81.19,880.81,False,False,True
180.38833684210525,94.75,53.86,413.65,False,False,True
186.96,166.86,83.37,693.41,False,False,True
66.64,56.93,52.2,297.96,False,True,False
108.71,95.91,77.12,461.75,False,False,False
115.67,107.34,59.95,468.53,True,False,False
197.95,183.03,38.7,704.67,False,False,False
182.88,159.14,63.81,640.79,True,False,False
101.77,91.39,37.58,383.58,True,False,False
83.39,76.97,19.32,332.72,False,True,False
285.44,263.87,79.18,1007.32,False,True,False
148.57,132.99,81.39,601.42,False,False,False
89.87,89.06,22.73,336.42,True,False,False
157.44,144.23,69.34,622.69,False,True,False
284.08,261.21,69.88,990.52,True,False,False
232.81,199.23,93.2,844.7,True,False,False
119.7,108.71,48.5,453.35,True,False,False
166.34,149.08,55.69,601.66,True,False,False
53.21,42.68,15.32,205.38,False,False,True
81.72,75.31,79.45,416.84,False,False,False
159.96,141.38,81.61,614.03,True,False,False
199.28,174.85,79.86,751.21,True,False,False
166.45,151.71,64.36,623.73,False,False,False
128.8,109.25,23.55,444.19,True,False,False
201.32,187.32,82.81,765.84,False,False,False
174.26,155.85,68.11,660.95,False,False,False
191.61,162.91,42.09,671.76,False,True,False
156.83,137.73,25.85,543.12,False,False,False
176.76,167.27,30.43,599.49,True,False,False
142.2,123.46,30.97,477.84,False,False,True
194.57,175.71,37.92,670.38,False,False,False
260.47,231.61,99.6,976.35,False,False,False
214.6,193.66,25.85,707.03,False,False,False
297.84009999999995,266.23,97.39,1034.1014,True,False,False
164.66,156.45,23.16,572.82,False,False,False
236.91,219.67,59.7,845.4,False,False,True
145.82,133.15,26.58,484.92,True,False,False
212.08,191.91,63.1,737.04,False,False,True
90.37,76.83,43.39,361.12,False,True,False
72.19,66.7,82.65,367.57,False,True,False
129.67,119.89,28.46,464.08,True,False,False
276.31,249.89,28.97,896.34,True,False,False
262.54,225.6,52.49,874.13,False,False,True
218.66,193.73,16.96,696.66,False,False,True
180.38833684210525,252.11,26.7,902.5,False,False,False
235.62,214.4,87.9,856.67,False,False,True
84.03,61.43,94.48,413.78,False,False,True
88.54,81.59,66.73,391.37,False,True,False
209.76,191.38,15.52,658.15,False,True,False
245.34,219.01,11.51,798.69,False,False,False
281.03,247.55,16.56,903.91,False,False,False
166.92,150.92,13.88,544.53,False,False,False
180.14,157.95,81.99,681.63,True,False,False
294.15,256.2,41.33,955.26,True,False,False
185.03,163.08,28.77,619.25,True,False,False
251.43,228.79,42.75,847.3,False,True,False
164.75,149.04,93.72,672.47,False,False,False
242.43,227.5,30.52,780.07,False,False,True
122.61,112.19,69.3,487.88,True,False,False
244.42,220.59,31.9,813.58,False,True,False
269.86,244.22,71.15,933.57,False,True,False
199.64,193.29,77.81,711.6,False,False,True
108.88,92.49,28.33,367.84,False,False,True
86.42,77.03,20.6,332.55,False,False,False
115.84,104.33,83.2,493.97,True,False,False
145.24,121.02,80.42,577.48,False,False,True
255.68,227.22,17.91,814.67,False,True,False
95.75,87.12,87.89,444.75,True,False,False
142.39,122.89,68.71,548.56,False,False,True
162.97,149.35,76.31,644.26,False,False,False
109.65,106.23,88.9,502.01,False,False,False
279.32,257.77,17.5,897.18,True,False,False
176.77,160.05,28.65,608.68,False,True,False
185.37,162.82,63.13,698.49,False,False,False
297.84009999999995,269.56,98.73,1034.1014,True,False,False
198.21,174.25,49.89,706.07,False,True,False
211.09,195.53,50.02,729.25,False,False,True
180.38833684210525,212.64,52.4,808.11,False,True,False
135.62,122.92,41.66,480.99,False,True,False
209.34,193.17,78.48,775.53,False,False,False
180.38833684210525,77.12,43.29,329.0,False,True,False
294.03,266.33,57.13,993.85,False,False,True
189.96,173.24,44.62,644.51,False,False,True
143.7,134.74,61.73,549.59,False,True,False
98.64,93.04,67.47,415.55,False,True,False
184.2,172.37,58.04,683.64,False,True,False
231.09,211.49,13.0,717.36,False,False,True
180.38833684210525,112.81,15.96,406.94,False,False,True
264.66,231.09,12.38,831.07,False,False,True
256.77,232.99,55.73,875.81,True,False,False
154.14,143.26,85.69,637.27,False,True,False
74.38,63.98,74.69,367.38,True,False,False
232.57,208.93,46.98,790.28,False,True,False
234.25,214.37,49.43,783.83,False,False,True
230.95,206.74,72.32,841.69,False,False,False
267.39,229.68,87.4,959.6,True,False,False
219.71,194.86,27.15,715.4,False,False,True
276.63,243.02,14.88,864.92,False,False,True
180.38833684210525,196.13,21.07,703.46,True,False,False
58.47,51.78,17.44,233.1,True,False,False
261.81,230.6,44.8,849.84,True,False,False
229.46,207.98,22.13,759.46,False,True,False
232.87,206.11,85.39,858.76,True,False,False
145.84,142.86,26.28,508.93,False,False,True
104.88,95.08,60.27,424.96,False,False,False
162.84,147.39,52.34,561.43,False,True,False
223.69,198.9,18.08,732.84,False,True,False
72.22,60.59,30.01,285.16,False,True,False
58.18,48.64,40.88,282.48,False,False,False
234.65,219.2,65.79,812.24,True,False,False
171.23,149.35,53.75,617.47,True,False,False
180.38833684210525,117.09,11.04,451.11,False,False,False
121.06,111.05,74.74,493.53,False,False,True
226.92,201.22,96.24,847.73,True,False,False
213.02,186.44,79.14,782.01,True,False,False
178.55,154.81,83.1,677.64,False,False,True
223.8,193.9,22.99,726.33,False,True,False
152.51,135.78,24.61,502.67,True,False,False
103.03,92.82,77.01,440.38,True,False,False
60.04,46.01,67.11,304.27,True,False,False
112.88,93.95,52.96,455.14,True,False,False
90.19,74.43,92.94,436.61,False,True,False
85.17,77.58,91.66,423.32,True,False,False
242.56,216.53,71.49,859.17,False,True,False
181.37,166.51,74.52,688.58,False,True,False
278.02,252.44,14.95,850.3,False,False,True
129.84,116.6,35.66,467.62,False,False,True
132.75,118.05,14.04,443.07,False,False,True
171.89,146.65,45.23,594.22,True,False,False
246.2,214.69,98.47,924.88,False,False,False
85.62,77.33,82.09,402.95,False,False,True
176.45,153.43,71.61,674.43,False,True,False
107.95,103.84,41.93,409.79,False,False,True
166.93,148.16,44.42,617.03,False,False,False
148.84,126.58,75.67,569.85,True,False,False
53.21,43.45,59.14,267.47,False,False,True
259.52,236.3,60.99,887.0,False,True,False
254.54,233.75,19.61,827.92,False,False,False
294.91,269.8575,57.1,978.36,True,False,False
82.18,74.48,67.39,382.66,False,True,False
107.01,99.68,66.44,434.63,False,True,False
280.65,259.03,37.31,911.23,True,False,False
125.0,118.29,73.1,503.6,False,True,False
180.38833684210525,213.34,82.43,821.74,True,False,False
181.45,164.36,46.15,628.45,False,True,False
217.96,194.1,72.88,768.27,False,False,True
273.84,245.36,43.03,912.89,True,False,False
277.55,242.44,62.8,963.7,False,True,False
208.06,183.72,21.29,662.13,False,False,True
55.32,49.74,47.3,273.07,True,False,False
244.26,219.67,15.7,767.54,True,False,False
249.4,224.69,59.87,867.91,True,False,False
229.71,212.37,14.25,756.48,False,False,False
229.83,209.93,14.0,734.54,False,False,True
114.73,94.9,38.6,426.89,False,False,True
183.11,153.9,39.04,653.51,False,True,False
171.84,155.71,59.4,626.56,True,False,False
147.6,116.16,12.67,479.88,False,False,True
139.56,118.97,16.39,480.41,False,False,False
150.42,123.23,63.85,557.17,True,False,False
103.83,91.47,51.06,419.61,False,False,False
132.72,113.1,14.98,448.52,False,False,True
267.96,239.01,89.38,958.42,False,False,True
63.68,64.46,52.65,290.7,True,False,False
104.13,98.57,72.92,453.77,False,False,True
91.63,81.02,35.35,351.49,False,True,False
268.66,245.28,64.4,913.11,True,False,False
148.84,136.33,34.7,493.9,False,False,True
152.34,141.37,89.66,609.74,False,False,True
231.15,207.52,66.47,818.83,False,False,True
241.6,210.53,65.73,853.82,False,True,False
81.8,67.63,84.08,375.78,True,False,False
201.7,184.34,42.37,691.06,True,False,False
142.84,123.08,77.67,574.62,False,False,False
154.19,140.45,67.75,569.54,False,False,True
138.94,126.97,67.14,546.2,False,False,True
180.38833684210525,72.99,93.15,404.6,False,False,True
185.24,163.71,31.39,631.07,False,False,True
105.76,99.91,12.01,349.59,False,False,True
149.86,134.41,10.3,463.81,True,False,False
281.9,254.84,91.4,1012.46,True,False,False
62.61,55.62,38.15,258.53,False,False,True
128.64,109.07,88.59,560.46,False,True,False
198.89,172.12,75.25,744.62,False,False,True
256.25,234.69,12.07,822.37,False,False,True
280.16,253.23,20.62,883.92,False,False,True
238.75,223.0,98.2,885.64,False,False,True
181.43,168.32,58.92,663.04,False,True,False
215.8,192.01,30.63,738.35,False,False,False
60.77,54.85,94.46,333.38,False,False,True
263.79,227.65,14.57,825.0,False,False,True
192.49,172.71,17.96,636.43,True,False,False
74.37,59.74,19.63,260.24,True,False,False
201.1,188.33,21.51,665.59,False,True,False
73.07,72.91,82.06,374.84,True,False,False
68.43,58.84,52.83,318.68,False,False,False
297.84009999999995,267.36,22.02,946.33,False,False,True
236.62,216.48,64.37,850.69,False,False,False
65.78,55.05,14.81,251.51,False,False,False
204.53,189.17,61.62,734.62,False,False,True
154.64,138.04,43.27,558.13,False,False,False
137.24,118.42,61.81,548.51,False,False,False
281.03,253.66,37.72,915.45,True,False,False
239.38,204.64,86.22,883.87,False,False,False
153.45,139.2,17.25,490.62,True,False,False
150.96,128.44,63.0,577.87,True,False,False
62.7,53.66,12.14,228.54,True,False,False
154.07,145.62,16.28,510.69,False,True,False
151.39,144.24,80.91,595.11,True,False,False
102.35,95.17,34.22,391.24,False,False,True
283.02,256.14,22.84,892.16,True,False,False
121.61,113.51,80.39,517.85,False,True,False
94.48,81.19,36.95,366.23,False,False,False
102.36,88.27,76.62,443.59,True,False,False
85.41,81.41,37.7,331.21,True,False,False
201.08,180.3,64.13,708.58,False,False,True
89.07,74.91,32.24,330.41,False,False,False
243.53,216.38,96.65,882.48,False,False,True
275.07,253.98,34.24,889.84,False,False,True
65.27,62.38,53.4,300.31,False,False,True
256.47,228.8,58.05,873.54,False,False,True
252.86,227.27,17.23,787.35,False,False,True
122.09,113.17,10.65,406.18,True,False,False
136.79,126.95,93.49,572.24,False,True,False
154.07,137.65,72.03,586.66,False,False,True
109.12,99.93,72.23,447.78,True,False,False
180.38833684210525,251.24,96.87,1016.38,False,False,False
265.53,241.23,64.49,916.44,True,False,False
180.38833684210525,212.55,80.54,870.32,False,False,False
268.91,240.61,82.87,966.56,False,False,False
215.89,195.49,56.67,758.91,True,False,False
212.54,195.35,12.65,703.92,False,True,False
150.11,128.8,23.83,512.31,False,True,False
129.12,118.34,35.72,457.59,True,False,False
277.71,251.33,49.41,935.88,False,False,False
92.68,80.05,67.8,415.28,False,False,False
53.58,49.25,32.89,230.21,False,True,False
236.75,220.72,96.3,876.18,False,False,True
286.84,263.2,31.14,941.31,False,False,False
73.36,64.78,82.76,365.2,True,False,False
282.16,252.02,29.22,918.44,False,True,False
200.35,179.38,36.71,681.49,False,True,False
68.71,65.77,52.13,316.04,False,False,False
249.08,230.65,77.8,892.25,True,False,False
189.61,177.61,58.62,692.59,False,True,False
284.44,253.66,16.62,895.01,True,False,False
180.38833684210525,169.75,54.22,680.33,False,True,False
209.99,190.61,34.35,714.41,False,False,True
56.23,46.33,90.65,349.67,False,False,False
199.32,177.23,28.17,653.14,True,False,False
227.09,209.22,36.43,754.92,False,False,True
83.13,79.53,51.36,353.92,False,False,False
295.89,269.8575,33.28,956.19,False,False,True
62.03,58.43,32.79,282.07,False,True,False
152.82,143.29,67.73,571.36,False,True,False
217.75,199.35,45.12,744.82,False,True,False
205.38,179.02,14.93,670.39,True,False,False
72.41,70.71,72.93,377.2,False,False,False
55.91,51.5,28.08,221.84,False,True,False
229.7,195.64,77.07,847.86,False,False,False
108.01,91.0,96.83,500.97,False,True,False
183.25,167.37,59.08,652.46,False,False,True
125.38,114.83,16.1,415.32,True,False,False
83.69,74.89,78.99,384.04,False,False,True
275.56,256.66,34.17,920.2,False,True,False
194.29,175.46,69.82,724.56,False,True,False
51.54,55.12,15.47,191.64,False,False,True
173.23,163.07,84.79,679.65,False,False,False
52.31,49.5,45.77,271.33,False,False,False
288.37,260.21,85.92,1000.66,True,False,False
154.48,134.03,12.38,491.79,False,False,True
137.76,118.18,91.46,576.78,False,True,False
180.38833684210525,122.67,44.83,494.4,False,False,True
125.46,115.26,44.7,492.96,False,False,False
215.09,197.94,80.53,785.55,True,False,False
246.37,215.44,82.64,885.28,False,True,False
297.67,261.96,21.11,937.36,False,False,True
286.55,258.67,83.26,1034.08,False,False,False
240.28,221.81,51.17,826.2,False,False,True
247.64,234.28,74.49,889.94,False,False,False
295.13,259.98,27.29,949.18,False,False,False
106.97,96.66,89.45,494.1,False,False,False
201.37,178.59,29.21,691.65,True,False,False
171.48,149.74,66.39,649.18,False,True,False
53.25,40.4,17.92,202.61,False,True,False
239.31,218.4,41.38,803.22,False,False,True
79.64,73.45,69.39,356.38,False,False,True
279.94,255.03,19.37,884.95,False,False,False
290.26,268.29,55.56,969.31,False,True,False
194.28,177.95,80.24,724.7,False,False,True
273.51,243.93,51.97,947.7,False,True,False
180.38833684210525,136.14,50.07,490.55,True,False,False
283.92,262.99,93.4,985.47,False,False,True
91.96,79.83,58.1,405.94,False,True,False
171.03,154.93,33.05,575.0,True,False,False
271.7,242.47,43.38,901.08,False,False,True
209.64,193.02,89.59,792.91,False,False,False
179.44,163.37,62.85,655.88,True,False,False
73.22,70.91,15.04,251.59,True,False,False
66.93,63.37,67.7,333.13,False,False,False
103.54,90.23,30.91,380.5,False,False,True
243.97,225.4,86.44,890.24,False,False,False
151.65,130.85,96.02,625.6,False,False,False
126.86,103.7,14.28,432.07,False,False,False
291.05,264.32,99.7409,1034.1014,False,False,False
215.67,193.25,15.51,686.25,False,False,True
145.55,133.53,86.7,573.68,False,False,True
166.82,153.51,73.2,647.15,False,False,False
246.55,228.18,49.75,833.29,False,False,True
164.97,147.02,39.59,576.85,True,False,False
120.88,105.22,29.36,433.71,True,False,False
120.44,104.86,34.41,446.3,False,False,False
147.29,134.95,90.38,595.49,False,False,True
110.16,99.34,14.11,379.35,True,False,False
272.78,238.91,32.33,881.76,True,False,False
64.68,61.69,42.0,258.98,False,False,True
214.41,194.6,74.47,768.78,False,False,True
52.56,49.73,29.83,224.92,False,True,False
132.77,117.63,70.38,518.95,False,True,False
131.27,120.73,63.45,502.5,False,False,True
187.12,172.0,90.5,719.66,True,False,False
116.63,104.23,62.9,467.03,False,True,False
212.46,193.32,76.45,789.15,False,False,False
125.17,116.54,73.79,508.41,False,True,False
194.23,178.9,16.41,651.12,False,False,False
53.93,47.58,57.3,274.37,True,False,False
91.87,78.84,77.02,421.5,False,False,True
160.24,149.45,26.08,534.15,False,False,True
296.71,252.74,98.02,1034.1014,False,False,False
218.63,189.6,48.55,765.22,False,False,False
253.09,227.4,98.22,926.14,False,False,False
262.64,236.24,46.34,888.17,False,False,False
120.0,104.13,75.43,510.53,False,True,False
172.87,164.63,40.41,608.77,True,False,False
210.48,187.99,22.6,687.31,False,False,False
69.44,64.85,26.21,266.91,True,False,False
126.27,117.15,86.55,534.02,True,False,False
142.63,122.16,61.9,546.83,True,False,False
211.06,201.38,20.07,683.86,False,False,True
107.72,100.58,99.7409,485.93,False,False,False
239.28,209.67,20.41,775.54,True,False,False
243.68,214.01,74.9,875.02,False,False,False
103.95,85.67,98.45,497.88,False,True,False
101.39,83.91,95.98,477.18,False,False,False
250.66,229.87,88.6,916.18,True,False,False
138.31,131.51,23.28,495.5,False,True,False
